color,color_refined
(0c2s) jucarobeige m,BROWN
0e noir mythe métallisé,BLACK
144 blanc digital,WHITE
149 blanc polaire,WHITE
149 blanc polaire non métallisé,WHITE
191 noir cosmos,BLACK
(1k) black p,BLACK
2144 blanc digital métallisé,WHITE
2144 moonstone whitemetallic,WHITE
2149 blanc polaire,WHITE
2191 noir cosmos métallisé,BLACK
230 ocean green,GREEN
237 rose gold,ROSE
268 bossanova white,WHITE
2775 argent iridium métallisé,GREY
2787 gris montagne métallisé,GREY
296 blanc gelato,WHITE
2t deep black nacré,BLACK
348 gris argento,GREY
(475) saphirschwarz,BLACK
562 sicilia orange,ORANGE
601 onyx black,BLACK
667 bleu denim,BLUE
(668) schwarz ii,BLACK
679 graphite gray,GREY
679 gris moda,GREY
687 epic blue,BLUE
695 electroclash grey,GREY
696 noir,BLACK
775 argent iridium métallisé,GREY
787 gris montagne,GREY
876 crossover black,BLACK
888 bleu venissia,BLUE
942 rouge amore,RED
(a83) glaciersilber,GREY
(a96) mineralweiss,WHITE
alpinweiss,WHITE
alpinweiss 3,WHITE
alpinweiss uni,WHITE
amazonite,GREEN
anthracite,GREY
argent,GREY
argente,GREY
argenté,GREY
argent fleuret,GREY
argent fleuret/arches noir brillant,GREY
argent fleuret/arches+pav noir brillant,GREY
argent fleuret/capote noire,GREY
argent fleuret/capote rouge,GREY
argent fleuret m,GREY
argent fleuret met.,GREY
argent fleuret metal,GREY
argent fleuret métal,GREY
argent fleuret metallise,GREY
argent fleuret métallisé,GREY
argent glacier,GREY
argent iridium,GREY
argent iridium metallisé,GREY
argent iridium métallisé,GREY
argent iridium métallisé (775),GREY
argent irridium,GREY
argent metal,GREY
argent mojave,GREY
argent mojave me©tallise©,GREY
argent mojave métallisé,GREY
argent nacre,GREY
argent opaque (verni sans reflet),GREY
argent polaire,GREY
argent rosé,GREY
argent rose / contraste noir mythic,GREY
argent rosee,GREY
argent rosée métallisé,GREY
argent rosé métallisé,GREY
argent verni,GREY
artense,GREY
artense grey,GREY
ascotgrau,GREY
atlantic blue metallic,BLUE
atlantic blue métallisé,BLUE
atlanticgrau,GREY
atlantikgrau metallise,GREY
audi exclusive,NA
autre,NA
b00,NA
b4 blanc cortina,WHITE
banc / toit noir,BLACK
beige,BROWN
beige clair,BROWN
beige f,BROWN
beige mat,BROWN
beige metal,BROWN
beige métal,BROWN
beige nacre,BROWN
beige opaque (verni sans reflet),BROWN
beige pyrite,BROWN
beige pyrite (m),BROWN
beige titane,BROWN
beige verni,BROWN
bela pastelna,WHITE
belugabraun metallic,BLACK
bi color,NA
bi-colore tuxedo,BLACK
black cros,BLACK
black oak brown metallic,BROWN
black rubin,BLACK
black sapphire metallic,WHITE
blanc,WHITE
blanc amalfi,WHITE
blanc arctique,WHITE
blanc banqui,WHITE
blanc banquise,WHITE
blanc banquise (o),WHITE
blanc banquise opaque,WHITE
blanc banquise opaque std,WHITE
blanc banquise uni,WHITE
blanc bossa capucino,WHITE
blanc bossa nova,WHITE
blanc candy,WHITE
blanc casa,WHITE
blanc cirrus,WHITE
blanc cortina,WHITE
blanc crista,WHITE
blanc cristal,WHITE
blanc crystal,WHITE
blanc deluxe white,WHITE
blanc digital,WHITE
blanc digital métal,WHITE
blanc digital métallisé,WHITE
blanc digital métallisé (144),WHITE
blanc gelato,WHITE
blanc gelato pastel,WHITE
blanc gelato pastel extra-série,WHITE
blanc glacie,WHITE
blanc glacier,WHITE
blanc glacier arche noir,WHITE
blanc glacier/arches+pav gris manhattan,WHITE
blanc glacier/arches+pav noir brillant,WHITE
blanc glacier/arches+pav noir mythic,WHITE
blanc glacier/capote noire,WHITE
blanc glacier / cont,WHITE
blanc glacier metall,WHITE
blanc glacier métall,WHITE
blanc glacier metallise,WHITE
blanc glacier métallisé,WHITE
blanc glacier uni opaque,WHITE
blanche,WHITE
blanc ibis,WHITE
blanc ibis/capote noire,WHITE
blanc mat,WHITE
blanc metal,WHITE
blanc métal,WHITE
blanc nacre,WHITE
blanc nacré,WHITE
blanc nacree,WHITE
blanc nacrée,WHITE
blanc nacre met,WHITE
blanc nacre metal,WHITE
blanc nacre metal tr,WHITE
blanc nacre metal tricouc,WHITE
blanc nacré multicouches,WHITE
blanc nacré (n),WHITE
blanc nacré/noir,WHITE
blanc nacré (s),WHITE
blanc nacré teinte spéciale,WHITE
blanc nacre/toit,WHITE
blanc / noir,WHITE
blanc opaque (verni sans reflet),WHITE
blanc oryx,WHITE
blanc oryx / capote noire,WHITE
blanc oryx nacre,WHITE
blanc palladium,WHITE
blanc perle,WHITE
blanc perle nacré,WHITE
blanc platine,WHITE
blanc polaire,WHITE
blanc polaire non métallisé,WHITE
blanc pur,WHITE
"blanc pur, capote noire",WHITE
blanc pur/noir,WHITE
blanc pur/noir si pack design,WHITE
blanc pur si pack r-line,WHITE
blanc pur toit noir,WHITE
blanc pur/toit noir,WHITE
blanc pur   toit noir uni,WHITE
blanc quartz,WHITE
blanc sensation,WHITE
blanc/ toit noir,WHITE
blanc verni,WHITE
blan ibis,WHITE
bleu,BLUE
bleu alaska,BLUE
bleu atlantique,BLUE
bleu atlantique meta,BLUE
bleu atoll,BLUE
bleu avatar,BLUE
bleu azur,BLUE
bleu c,BLUE
bleu caraïbes,BLUE
bleu cavansite,BLUE
bleu celadon,BLUE
bleu celebe,BLUE
bleu celebes,BLUE
bleu célèbes (m),BLUE
bleu celebes - vd souto,BLUE
bleu celebre,BLUE
bleu clair,BLUE
bleu clair metal,BLUE
bleu clair métalisée,BLUE
bleu clair nacre,BLUE
bleu clair opaque (verni sans reflet),BLUE
bleu clair verni,BLUE
bleu cobalt (bleu),BLUE
bleu cosmos,BLUE
bleu cuivree,BLUE
bleu cuivre metallisee ve,BLUE
bleu dark iron,BLUE
bleu de france,BLUE
bleu denim,BLUE
bleu denim métallisé,BLUE
bleu dragee,BLUE
bleue,BLUE
bleu f,BLUE
bleu firmament,BLUE
bleu firmament/arches+pav noir mythic,BLUE
bleu firmament métallisé,BLUE
bleu firmament / toit noir,BLUE
bleu fonce,BLUE
bleu foncé,BLUE
bleu foncé métal,BLUE
bleu fusion,BLUE
bleu hainan (bleu),BLUE
bleu iron,BLUE
bleu italia,BLUE
bleu lapiz,BLUE
bleu lapiz toit noir,BLUE
bleu lapiz/toit noir,BLUE
bleu lunaire,BLUE
bleu magnetic,BLUE
bleu magnetic (m),BLUE
bleu magnetique,BLUE
bleu marine,BLUE
bleu marine mat,BLUE
bleu marine metal,BLUE
bleu marine nacre,BLUE
bleu marine opaque (verni sans reflet),BLUE
bleu marine verni,BLUE
bleu mat,BLUE
bleu metal,BLUE
bleu métal,BLUE
bleu nacre,BLUE
bleu navarre,BLUE
bleu navarre métalli,BLUE
bleu navarre métallisé,BLUE
bleu nuir,BLUE
bleu nuit,BLUE
bleu ocean,BLUE
bleu océan,BLUE
bleu opaque (verni sans reflet),BLUE
bleu outremer métallisé,BLUE
bleu pacifique,BLUE
bleu pétrole,BLUE
bleu pétrole/toit noir,BLUE
bleu philae,BLUE
bleu phytonique,BLUE
bleu ravenna,BLUE
bleu ravenna/blanc si pack design,BLUE
"bleu ravenna métallisée, capote noire",BLUE
bleu ravenna/noir,BLUE
bleu ravenna/toit noir,BLUE
bleu récif,BLUE
bleu récif métallisé,BLUE
bleu récif métallisé toit noir,BLUE
bleu scuba,BLUE
bleu turbo,BLUE
bleu utopia,BLUE
bleu venezia,BLUE
bleu verni,BLUE
bleu vertigo,BLUE
bleu vertigo (s),BLUE
bley iron,BLUE
bln tt nr,NA
blue dusk metallic,BLUE
blue flame m,BLUE
blue ridge mountain,BLUE
bmw individual dravitgrau métallisé,GREY
bmw individual storm bay,GREY
bmw individual storm bay métallisé,GREY
bmw individual tansanitblau metallise,BLUE
bmw individual tansanitblau métallisé,BLUE
bmw individual tanzaniteblau métallisé,BLUE
bordeau,RED
bordeaux,RED
bordeaux mat,RED
bordeaux metal,RED
bordeaux nacre,RED
bordeaux verni,RED
bossanova white,WHITE
brillantschw,BLACK
brillantschwarz,BLACK
bronze,BROWN
bronze magnetico mat,BROWN
bronze magnetico métallisé,BROWN
brooklyn grau metallic,GREY
brun,BROWN
brun argus,BROWN
brun argus métallisé,BROWN
brun cappucc,BROWN
brun cappucino,BROWN
brun graciosia,BROWN
brun ivoire,BROWN
brun vison,BROWN
candy-weiß,NA
cape york green métal,GREEN
cappuccino,BROWN
carbone fonc,BLACK
carbonschwarz metallic,BLACK
carrosserie noir brillant / capote grise,BLACK
cashmere silver,GREY
celestial blue,BLUE
celestial blue tri-couche,BLUE
champagne métal,BROWN
chêne noir,BLACK
chronosgrau metallic,NA
clair metal,NA
clair verni,NA
coloris métal crossover black,BLACK
coloris métal electroclash grey,GREY
coloris métal epic blue,BLUE
coloris métal groove metal grey,GREY
coloris métal italia blue,BLUE
coloris métal opéra bordeaux,RED
coloris métal tech house grey,GREY
coloris pastel bossa nova white,WHITE
coloris pastel coral red,RED
coloris pastel extra série mint green,GREEN
coloris perlé tri-couche ice white,WHITE
color. pastel pasodoble red extra-série,RED
cooper stone m,BROWN
corail,RED
cosmic black,BLACK
couleur sur demande,NA
coupe franche rouge ultimate/noir perla,NA
crna metalik,NA
crossover,NA
crvena pastelna,RED
cuprite,RED
dark blue,BLUE
dark gun metal,GREY
dark penta metal,GREY
dark penta metal m,GREY
daytonagrau perleffekt,GREY
deep black,BLACK
deep black p,BLACK
deep black perleffek,BLACK
deep black perleffekt,BLACK
delfingrau metallic,GREY
deluxe white,WHITE
dravitgrau,GREY
(e5b) dark g,NA
ecru,BROWN
eeg bleu magnetic metall,BLUE
electroclash grey,GREY
energetic orange metallic,ORANGE
epic blue,BLUE
esm bleu vertigo metallis,BLUE
estorilblau,BLUE
evl  gris platinium metal,GREY
evl gris platinium metal,GREY
flash-rot,RED
florettsilber metallic,GREY
foncé mat,GREY
foncé metal,GREY
foncé nacre,GREY
foncé verni,GREY
frozen pure grey métal bmw individual,GREY
frozen schwarz nacré,BLACK
generic,NA
glacier blue,BLUE
glaciersilber,GREY
glaciersilber métall,GREY
glaciersilber metallic,GREY
glaciersilber metallise,GREY
glaciersilber métallisé,GREY
glaciersilber metallisee,GREY
glaciersilber métallisée,GREY
gletscherwei,WHITE
gletscherweiß metallic,WHITE
green pistac,GREEN
green pistache,GREEN
gris,GREY
gris acier,GREY
gris acier métallisé,GREY
gris alu,GREY
gris aluminium,GREY
gris amazonite,GREY
gris amazonite (m),GREY
gris amazonite / noir perla nera,GREY
gris amazonite-vd s.caumont,GREY
gris anthracite,GREY
gris anthracite mat,GREY
gris anthracite metal,GREY
gris anthracite nacre,GREY
gris anthracite opaque (verni sans reflet),GREY
gris anthracite verni,GREY
gris ar,GREY
gris argent,GREY
gris argento,GREY
gris argento métallisé,GREY
gris arstense,GREY
gris artence,GREY
gris artens,GREY
gris artense,GREY
gris artense (m),GREY
gris artense metalli,GREY
gris artense - pret direc°,GREY
gris ascot/toit noir,GREY
gris atlas,GREY
gris brun,GREY
gris c,GREY
gris carbone,GREY
gris cassiopée,GREY
gris cendré métallisé,GREY
"gris cendré métallisée, capote noire",GREY
gris chronos,GREY
gris chronos/arches+pav noir mythic,GREY
gris chronos / contraste noir,GREY
gris chronos métallisé,GREY
gris clair,GREY
gris claire,GREY
gris clair mat,GREY
gris clair metal,GREY
gris clair métal,GREY
gris clair nacre,GREY
gris clair opaque (verni sans reflet),GREY
gris clair verni,GREY
gris colosseo,GREY
gris cuvée,GREY
gris dark,GREY
gris dauphin,GREY
gris daytona,GREY
gris daytona/arches+pav argent fleuret,GREY
gris daytona/capote noire,GREY
gris daytona nacre,GREY
gris daytona nacré,GREY
grise,GREY
gris eclipse,GREY
grise fonce,GREY
gris electroclash,GREY
gris f,GREY
gris fer,GREY
gris flch/arches+pav gris man-pk contr i,GREY
gris flch/arches+pav noir myt-pk contr i,GREY
gris flèche/arches+pav noir mythic,GREY
gris flèche nacré,GREY
gris flèche nacré/noir mythe métallisé,GREY
gris flèche (pk contraste i),GREY
gris fonce,GREY
gris foncé,GREY
gris foncé mat,GREY
gris fonce met,GREY
gris fonce metal,GREY
gris foncé metal,GREY
gris foncé métal,GREY
gris foncé métalisé,GREY
gris foncé nacre,GREY
gris foncé opaque (verni sans reflet),GREY
gris foncé verni,GREY
gris givre,GREY
gris graphite,GREY
gris huricane,GREY
gris huricanne,GREY
gris hurricane,GREY
gris hurricane (o),GREY
gris indium,GREY
gris indium (gris),GREY
gris indium metal,GREY
gris indium métallis,GREY
gris indium/noir,GREY
gris indium/noir si pack design,GREY
gris indium/toit noir,GREY
gris iridio,GREY
gris ivoire,GREY
"gris ivoire métallisée, capote noire",GREY
gris limestone,GREY
gris lunaire,GREY
gris magno,GREY
gris manathan,GREY
gris manhatta,GREY
gris manhattan,GREY
gris manhattan/arches+pav noir mythic,GREY
gris manhattan metallise,GREY
gris manhattan métallisé,GREY
gris manhattan metallise/toit noir,GREY
gris manhattan/noir,GREY
gris manhattan/toit noir,GREY
gris mat,GREY
gris medium,GREY
gris metal,GREY
gris métal,GREY
gris mileral,GREY
gris moda,GREY
gris moda métallisé,GREY
gris moka,GREY
gris montagne,GREY
gris montagne magno,GREY
gris montagne magno designo,GREY
gris montagne magno manufaktur,GREY
gris montagne metallise©,GREY
gris montagne metallisé,GREY
gris montagne métallisé,GREY
gris montagne métallisé (787),GREY
gris mountain,GREY
gris mousson,GREY
gris mousson metallise,GREY
gris nacre,GREY
gris nano,GREY
gris nano/capote noire,GREY
gris nano métallisé,GREY
gris nuit,GREY
gris nuit métallisé,GREY
gris opaque (verni sans reflet),GREY
gris perle,GREY
gris perle métallisé,GREY
gris platine,GREY
gris platinium,GREY
gris platinium (m),GREY
gris platinium metal,GREY
gris platinium métalisée,GREY
gris platinium métallisé,GREY
gris platinium / noir perla nera,GREY
gris platinium p. m.,GREY
gris platinium / toit noir,GREY
gris platinium vg gm,GREY
gris platinuim,GREY
gris platinum,GREY
gris poivre,GREY
gris poivré,GREY
gris pompei,GREY
gris pur (gris),GREY
gris pyrite,GREY
gris pyrite/toit noir,GREY
gris quantum,GREY
gris quantum/capote noire,GREY
gris quartz mat,GREY
gris quartz metal,GREY
gris quartz nacre,GREY
gris quartz verni,GREY
gris reflet,GREY
gris selenite,GREY
gris sélénite métallisé,GREY
gris shark,GREY
gris shark metal,GREY
gris sirius métallisé,GREY
gris terra,GREY
gris terra métallisé,GREY
gris titaniu,GREY
gris titanium,GREY
gris / toit noir,GREY
gris toit noir,GREY
gris tornado,GREY
gris tungsten,GREY
gris tungstène,GREY
"gris tungste""ne (gris)",GREY
gris tungsten silver metallic,GREY
gris urano,GREY
gris urano/blanc si pack design,GREY
gris urban,GREY
gris verni,GREY
gris volcan,GREY
gris yuca,GREY
havanna,BROWN
(hw2) deluxe,NA
ibiswei?,WHITE
ibisweiß,WHITE
ice silver,GREY
ice white,WHITE
imperialblau,BLUE
inc,NA
inc.,NA
inconn,NA
inconnu,NA
inconnue,NA
inconu,NA
indiumgrau m,GREY
indiumgrau metallic,GREY
individual,NA
iridium-silv,GREY
iridium silver,GREY
ivoire,BROWN
ivoire metal,BROWN
ivoire nacre,BROWN
ivoire verni,BROWN
jabota,BROWN
jatoba metallise,BROWN
jaune,YELLOW
jaune clair,YELLOW
jaune curcuma,YELLOW
jaune curcuma/noir,YELLOW
jaune faro,YELLOW
jaune  faro toit noir,YELLOW
jaune mango,YELLOW
jaune mat,YELLOW
jaune metal,YELLOW
jaune métal,YELLOW
jaune moutarde metallisee,YELLOW
jaune nacre,YELLOW
jaune opaque (verni sans reflet),YELLOW
jaune python,YELLOW
jaune python/arches+pav gris manhattan,YELLOW
jaune python/arches+pav noir mythic,YELLOW
jaune python métallisé,YELLOW
jaune sirius,YELLOW
jaune soleil,YELLOW
jaune verni,YELLOW
kca  gris artense me,GREY
kca  gris artense metalli,GREY
kca gris artense metalli,GREY
kej rouge metal,RED
kia,NA
kings red metallic,RED
kosmosbla,BLUE
kosmosblack - met.,BLUE
kosmosblau metallic,BLUE
lime jaune,YELLOW
limestone gr,GREY
limestone grey,GREY
limestone grey metallic,GREY
lunar silver,GREY
manhattangrau metallic,GREY
marron,BROWN
marron clair,BROWN
marron clair mat,BROWN
marron clair metal,BROWN
marron clair nacre,BROWN
marron clair verni,BROWN
marron mat,BROWN
marron metal,BROWN
marron métal,BROWN
marron nacre,BROWN
marron opaque (verni sans reflet),BROWN
marron verni,BROWN
mauve,PURPLE
m brooklyngrau métallisé,GREY
mediteraneanblau,BLUE
mediteraneanblau métallisé,BLUE
mediterranblau,BLUE
mediterranblau metallic,BLUE
mediterranblau metallise,BLUE
mediterraneanblau,BLUE
melbourne rot,RED
"\""melbourne rot\"" metallise",RED
melbourne rot me©tallise©,RED
melbourne rot metallisé,RED
melbourne rot métallisé,RED
menthe,GREEN
m estorilblau,BLUE
metalic cooper,BROWN
metalic coper,BROWN
metallic coo,BROWN
metallic cooper,BROWN
metallic copper,BROWN
metallic copper (m),BROWN
metallic copper métallisée,BROWN
metallic copper    met.b,BROWN
metallic copper / noir perla nera,BROWN
metallic copper p. m.,BROWN
midnightblau,BLUE
mineral grau,GREY
mineralgrau,GREY
mineral-grau metalli,GREY
mineralgrau metallic,GREY
mineralgrau metallis,GREY
"\""mineralgrau\"" metallise",GREY
mineralgrau metallise,GREY
mineralgrau métallisé,GREY
mineralgrau metallisee,GREY
mineral grey,GREY
mineral grey métal,GREY
mineralweiss,WHITE
"\""mineralweiss\"" metallise",WHITE
mineralweiss me©tallise©,WHITE
mineralweiss metallise,WHITE
mineralweiss métallisé,WHITE
mint,GREEN
misano blau,BLUE
misano blau metalise,BLUE
misanorot perleffekt,RED
m misanoblau,BLUE
moka,BROWN
mondscheinblau metallic,BLUE
mondsteingrau,GREY
monsungrau metallic,GREY
m portimao blau métal,BLUE
m portimaoblau métallisé,BLUE
mythosschwar,BLACK
mythosschwarz metallic,BLACK
n,NA
n/a,NA
nacre,NA
nacre blanc,WHITE
nanograu met,NA
nanograu metallic,NA
navarrablau metallic,BLUE
nc,NA
ncod,NA
new infra red,RED
new infra red m,RED
nightshade blue,BLUE
nightshade blue metallic,BLUE
noir,BLACK
noir -,BLACK
noir basalte,BLACK
noir basalte métallisé,BLACK
noir brillant,BLACK
noir brillant/capote noire,BLACK
noir caldera,BLACK
noir cinéma,BLACK
noir cinema pastel,BLACK
noir cinéma pastel extra-série,BLACK
noir cosmos,BLACK
noir cosmos metalisée,BLACK
noir cosmos metallise©,BLACK
noir cosmos metallisé,BLACK
noir cosmos métallisé,BLACK
noir cosmos métallisé (191),BLACK
noir cosmos m?tallis?,BLACK
noire,BLACK
noire perla,BLACK
noire perla ne,BLACK
noire perla nera,BLACK
noir etoile,BLACK
noir etoilé,BLACK
noir intense,BLACK
noir intense/blanc si pack design,BLACK
noir intense metal,BLACK
noir intense metallise,BLACK
noir intense nacré,BLACK
"noir intense nacrée, capote noire",BLACK
noir intense (noir),BLACK
noir mat,BLACK
noir metal,BLACK
noir métal,BLACK
noir métalisé,BLACK
noir metalli,BLACK
noir metallise,BLACK
noir mythe métallisé,BLACK
noir mythic,BLACK
noir mythic/arches+pav gris daytona,BLACK
noir mythic/arches+pav gris manhattan,BLACK
noir mythic capote noire,BLACK
noir mythic/capote noire,BLACK
noir mythic / contra,BLACK
noir mythic metal,BLACK
noir mythic metalise,BLACK
noir mythic metallis,BLACK
noir mythic metallise,BLACK
noir mythic métallisé,BLACK
noir mythos,BLACK
noir mythos métallisé,BLACK
noir nacre,BLACK
noir nacré,BLACK
noir noir,BLACK
noir opaque (verni sans reflet),BLACK
noir orca metallise,BLACK
noir perla,BLACK
noir perla metal,BLACK
noir perla metallise,BLACK
noir perla n,BLACK
noir perla nera,BLACK
noir perla nera (m),BLACK
noir perla nera metallise,BLACK
noir perla nera p. m.,BLACK
noir profond,BLACK
noir saphir,BLACK
noir scorpione,BLACK
noir uni,BLACK
noir verni,BLACK
noir vesuvio,BLACK
non codifie,NA
non codifié,NA
non defin,NA
ocean green,GREEN
ocean green métal,GREEN
onyx black,BLACK
onyx black pastel,BLACK
opera bordeaux,RED
opéra bordeaux,RED
or,ORANGE
orange,ORANGE
orange cuivre magno manufaktur,ORANGE
orange energy,ORANGE
orange metal,ORANGE
orange métal,ORANGE
orange nacre,ORANGE
orange pastel,ORANGE
orange piment,ORANGE
orange power,ORANGE
orange pulse,ORANGE
orange valencia,ORANGE
orange verni,ORANGE
or metal,BROWN
or verni,BROWN
pasodoble red,RED
peinture blanc cristal non me©tallise©,WHITE
peinture metal,NA
peinture metallisee,NA
peinture metallisee bleu celebes,BLUE
peinture métallisée bleu magnetic,BLUE
peinture metallisee gris artense,GREY
peinture metallisee gris platinium,GREY
peinture metallisee jaune faro,YELLOW
peinture metallisee nacre bleu vert,BLUE
peinture metallisee noir perla nera,BLACK
peinture metallisee vernie blanc na,WHITE
peinture metallisee vernie rouge ul,RED
peinture opaque blanc banquise,WHITE
peinture spéciale rouge jupiter,RED
peinture vernis rouge elixir,RED
peinture vernis rouge ultimate,RED
pepper grey metallic,GREY
petroleum blue metallic,BLUE
pfeilgrau perleffekt,YELLOW
phytonicblau,BLUE
phytonicblau mã©tallisã©,BLUE
phytonicblau métal,BLUE
phytonicblau métallisé,BLUE
platine,YELLOW
platinium,GREY
platinium silver,GREY
platinsilber,GREY
platinsilber metallic,GREY
platinsilber metallise,GREY
platinsilver metallisée,GREY
platinumsilber,GREY
plava metalik,BLUE
p. m. gris acier,GREY
p. m. gris artense,GREY
p. m. gris platinium,GREY
p. m. métallic copper,GREY
p. opaque bl,WHITE
p. opaque blanc banquise,WHITE
"\""portimao blau\"" metallise",BLUE
portimao blau métallisé,BLUE
"\""portimau blau\"" metallise",BLUE
pourpre,PURPLE
prune,PURPLE
pure white,WHITE
purple night,PURPLE
pyrit silber metallic,GREY
quantumgrau,GREY
rauchgrau me,GREY
rauchgrau metallic,GREY
ravennablau metallic,BLUE
reef blue me,BLUE
reflet argent,GREY
reflet d argent,GREY
reflet d'argent,GREY
reflet d\'argent,GREY
reflet d'argent metallise,GREY
reflet d\'argent metallise,GREY
reflet d'argent métallisé,GREY
reflet d'argent métallisé toit noir,GREY
reflexsilber metallic,GREY
reflex silver,GREY
rich oak,BROWN
rose,ROSE
rose gold,ROSE
rose metal,ROSE
rose nacre,ROSE
rouge,RED
rouge amore tri-couche,RED
rouge atacama,RED
rouge clair,RED
rouge desir,RED
rouge elixir,RED
rouge flamme,RED
rouge flash,RED
rouge flash/noir,RED
rouge fonce,RED
rouge foncé,RED
rouge foncé metal,RED
rouge foncé nacre,RED
rouge foncé verni,RED
rouge intense,RED
rouge jupiter,RED
rouge magma,RED
rouge mat,RED
rouge matador,RED
rouge metal,RED
rouge métal,RED
rouge metalisé,RED
rouge misano,RED
rouge misano/arches noir brillant,RED
rouge misano/arches+pav noir mythic,RED
rouge misano nacré,RED
rouge multicouches,RED
rouge nacre,RED
rouge opaque (verni sans reflet),RED
rouge passione pastel,RED
rouge patagonie brillant manufaktur,RED
rouge patagonie métallisé designo,RED
rouge patagonie métallisé manufaktur,RED
rouge roi,RED
rouge roi metallisé,RED
"rouge roi métallisée, capote noire",RED
rouge roi metallisé toit noir,RED
rouge roi/toit noir,RED
rouge rubis,RED
rouge ruby,RED
rouge shiraz,RED
rouge sport métallisé,RED
rouge sunset,RED
rouge tango,RED
rouge tango métallisé,RED
rouge tornado,RED
rouge ultimate,RED
rouge ultimate (s),RED
rouge ultimate (v),RED
rouge verni,RED
rugiada green,GREEN
saphire,BLUE
saphirscharz,BLUE
saphir schwartz,BLUE
saphirschwarz,BLUE
saphirschwarz mã©tallisã©,BLUE
saphirschwarz méallisé,BLUE
saphirschwarz métal,BLUE
saphirschwarz métalisé,BLUE
"\""saphirschwarz\"" metallise",BLUE
saphirschwarz me©tallise©,BLUE
saphirschwarz metallise,BLUE
saphirschwarz métallisé,BLUE
saphirschwarz metallisee,BLUE
saphrschwarz,BLUE
satin black,BLACK
schwarz,BLACK
schwarz 2,BLACK
schwarz uni,BLACK
scubablau metallic,BLUE
seaside blue,BLUE
siva pastelna,GREY
skyscraper grau metallise,GREY
skyscraper grau métallisé,GREY
skyscrapergrau métallisé,GREY
skyscraper grey,GREY
smart grey metallisee ver,GREY
spacesilber métal,GREY
sparkling,NA
sparklingbraun,BROWN
sparkling bronze,BROWN
splash lemon,YELLOW
srebrna metalik,GREY
storm bay,GREY
storm bay métal bmw individual,GREY
storm bay metallic,GREY
storm bay metallise,GREY
sunset orange,ORANGE
superior whi,WHITE
svetlo siva metalik,GREY
tangorot metallic,RED
tansanitblau ii métallisé,BLUE
tanzaniteblau,BLUE
tausilber metallic,WHITE
tech house grey,GREY
teinte audi exclusive,NA
teinte speciale blanc nacre,WHITE
teinte spéciale rouge elixir,RED
terragrau metallic,GREY
toit black diamond noir perla nera,BLACK
toit black diamond (toit noir onyx),BLACK
tornadorot,RED
tungstene,GREY
tungsten silver méta,GREY
tungsten silver metallic,GREY
ultra violet,PURPLE
uranograu,GREY
va montevrain,NA
vapor grey,GREY
vert,GREEN
vert borneo,GREEN
vert c,GREEN
vert clair,GREEN
verte,GREEN
vert f,GREEN
vert foncé mat,GREEN
vert foncé metal,GREEN
vert foncé verni,GREEN
vert menthe,GREEN
vert metal,GREEN
vert métal,GREEN
vert nacre,GREEN
vert olive,GREEN
vert olivine,GREEN
vert olivine metallisee v,GREEN
vert opaque (verni sans reflet),GREEN
vert peacock,GREEN
vert pistache,GREEN
vert tioman/arches+pav gris manhattan,GREEN
vert tioman/arches+pav noir mythic,GREEN
vert verni,GREEN
violet,PURPLE
violet metal,PURPLE
violet nacre,PURPLE
violet verni,PURPLE
white,WHITE
white silver,WHITE
white silver metal,WHITE
white silver metallic,WHITE
white silver/noir,WHITE
white silver/rouge,WHITE
zp gris montagne,GREY
zp noir cosmos,GREY
